{
  "CAD_USD": {
    "val": 0.765568
  },
  "CAD_INR": {
    "val": 52.839618
  }
}