{
  "CAD_USD": {
    "val": 0.766122
  },
  "CAD_INR": {
    "val": 52.592174
  }
}