{
  "CAD_USD": {
    "val": 0.763539
  },
  "CAD_INR": {
    "val": 54.125401
  }
}