{
  "CAD_USD": {
    "val": 0.745776
  },
  "CAD_INR": {
    "val": 52.172264
  }
}