{
  "CAD_USD": {
    "val": 0.760254
  },
  "CAD_INR": {
    "val": 52.594737
  }
}