{
  "CAD_USD": {
    "val": 0.754034
  },
  "CAD_INR": {
    "val": 54.327437
  }
}