{
  "CAD_USD": {
    "val": 0.765706
  },
  "CAD_INR": {
    "val": 54.27972
  }
}