{
  "CAD_USD": {
    "val": 0.761658
  },
  "CAD_INR": {
    "val": 52.589424
  }
}