{
  "CAD_USD": {
    "val": 0.751778
  },
  "CAD_INR": {
    "val": 53.669336
  }
}