{
  "CAD_USD": {
    "val": 0.761664
  },
  "CAD_INR": {
    "val": 52.510444
  }
}