{
  "CAD_USD": {
    "val": 0.749766
  },
  "CAD_INR": {
    "val": 52.217058
  }
}