{
  "CAD_USD": {
    "val": 0.762945
  },
  "CAD_INR": {
    "val": 52.276788
  }
}