{
  "CAD_USD": {
    "val": 0.763039
  },
  "CAD_INR": {
    "val": 54.042998
  }
}