{
  "CAD_USD": {
    "val": 0.74996
  },
  "CAD_INR": {
    "val": 53.985908
  }
}