{
  "CAD_USD": {
<<<<<<< HEAD
    "val": 0.748363
  },
  "CAD_INR": {
    "val": 53.68747
=======
    "val": 0.74996
  },
  "CAD_INR": {
    "val": 53.985908
>>>>>>> 28d890223bad5fd05ed29f293277fb5d6be524d2
  }
}