{
  "CAD_USD": {
    "val": 0.762274
  },
  "CAD_INR": {
    "val": 53.90608
  }
}