{
  "GBP_CAD": {
    "val": 1.763281
  },
  "GBP_INR": {
    "val": 90.492674
  }
}
