{
  "CAD_USD": {
    "val": 0.758141
  },
  "CAD_INR": {
    "val": 52.728056
  }
}