{
  "CAD_USD": {
    "val": 0.758869
  },
  "CAD_INR": {
    "val": 52.853352
  }
}