{
  "CAD_USD": {
    "val": 0.765735
  },
  "CAD_INR": {
    "val": 52.718935
  }
}