{
  "GBP_CAD": {
    "val": 1.692206
  },
  "GBP_INR": {
    "val": 88.279343
  }
}