{
  "CAD_USD": {
    "val": 0.75985
  },
  "CAD_INR": {
    "val": 52.536469
  }
}