{
  "CAD_USD": {
    "val": 0.749934
  },
  "CAD_INR": {
    "val": 53.947866
  }
}