{
  "CAD_USD": {
    "val": 0.767254
  },
  "CAD_INR": {
    "val": 52.778589
  }
}