{
  "CAD_USD": {
    "val": 0.746071
  },
  "CAD_INR": {
    "val": 52.079517
  }
}