{
  "CAD_USD": {
    "val": 0.758956
  },
  "CAD_INR": {
    "val": 52.375366
  }
}