{
  "CAD_USD": {
    "val": 0.759244
  },
  "CAD_INR": {
    "val": 52.220457
  }
}