{
  "CAD_USD": {
    "val": 0.753267
  },
  "CAD_INR": {
    "val": 53.513677
  }
}