{
  "CAD_USD": {
    "val": 0.765126
  },
  "CAD_INR": {
    "val": 54.308338
  }
}