{
  "CAD_USD": {
    "val": 0.758121
  },
  "CAD_INR": {
    "val": 52.204514
  }
}