{
  "GBP_CAD": {
    "val": 1.685255
  },
  "GBP_INR": {
    "val": 88.103314
  }
}