{
  "GBP_CAD": {
    "val": 1.685032
  },
  "GBP_INR": {
    "val": 88.283312
  }
}