{
  "CAD_USD": {
    "val": 0.745129
  },
  "CAD_INR": {
    "val": 51.930229
  }
}