{
  "CAD_USD": {
    "val": 0.758027
  },
  "CAD_INR": {
    "val": 52.706761
  }
}