{
  "CAD_USD": {
    "val": 0.767843
  },
  "CAD_INR": {
    "val": 52.63351
  }
}