{
  "CAD_USD": {
    "val": 0.767533
  },
  "CAD_INR": {
    "val": 52.600787
  }
}