{
  "CAD_USD": {
    "val": 0.761745
  },
  "CAD_INR": {
    "val": 54.152847
  }
}