{
  "CAD_USD": {
    "val": 0.76116
  },
  "CAD_INR": {
    "val": 52.527242
  }
}