{
  "CAD_USD": {
    "val": 0.748363
  },
  "CAD_INR": {
    "val": 53.68747
  }
}