{
  "CAD_USD": {
    "val": 0.76118
  },
  "CAD_INR": {
    "val": 52.502749
  }
}