{
  "CAD_USD": {
    "val": 0.762108
  },
  "CAD_INR": {
    "val": 52.339658
  }
}