{
  "CAD_USD": {
    "val": 0.760722
  },
  "CAD_INR": {
    "val": 52.499362
  }
}