{
  "CAD_USD": {
    "val": 0.763513
  },
  "CAD_INR": {
    "val": 52.632781
  }
}