{
  "CAD_USD": {
    "val": 0.761875
  },
  "CAD_INR": {
    "val": 52.531547
  }
}