{
  "CAD_USD": {
    "val": 0.745607
  },
  "CAD_INR": {
    "val": 52.060048
  }
}