{
  "CAD_USD": {
    "val": 0.746018
  },
  "CAD_INR": {
    "val": 52.060869
  }
}