{
  "CAD_USD": {
    "val": 0.764613
  },
  "CAD_INR": {
    "val": 52.491788
  }
}