{
  "CAD_USD": {
    "val": 0.758904
  },
  "CAD_INR": {
    "val": 52.669051
  }
}