{
  "CAD_USD": {
    "val": 0.761229
  },
  "CAD_INR": {
    "val": 52.499307
  }
}