{
  "CAD_USD": {
    "val": 0.749597
  },
  "CAD_INR": {
    "val": 52.286258
  }
}