{
  "CAD_USD": {
    "val": 0.758797
  },
  "CAD_INR": {
    "val": 52.215894
  }
}