{
  "CAD_USD": {
    "val": 0.756375
  },
  "CAD_INR": {
    "val": 52.501333
  }
}