{
  "CAD_USD": {
    "val": 0.761992
  },
  "CAD_INR": {
    "val": 52.562581
  }
}