{
  "CAD_USD": {
    "val": 0.745759
  },
  "CAD_INR": {
    "val": 52.098305
  }
}