{
  "CAD_USD": {
    "val": 0.761354
  },
  "CAD_INR": {
    "val": 52.53761
  }
}