{
  "CAD_USD": {
    "val": 0.761934
  },
  "CAD_INR": {
    "val": 52.261349
  }
}