{
  "CAD_USD": {
    "val": 0.761047
  },
  "CAD_INR": {
    "val": 52.452485
  }
}