{
  "CAD_USD": {
    "val": 0.757752
  },
  "CAD_INR": {
    "val": 54.43151
  }
}