{
  "CAD_USD": {
    "val": 0.759012
  },
  "CAD_INR": {
    "val": 52.252702
  }
}