{
  "CAD_USD": {
    "val": 0.756085
  },
  "CAD_INR": {
    "val": 53.739146
  }
}