{
  "CAD_USD": {
    "val": 0.763076
  },
  "CAD_INR": {
    "val": 54.085702
  }
}