{
  "CAD_USD": {
    "val": 0.761061
  },
  "CAD_INR": {
    "val": 52.478587
  }
}