{
  "GBP_CAD": {
    "val": 1.686499
  },
  "GBP_INR": {
    "val": 88.364395
  }
}