{
  "CAD_USD": {
    "val": 0.755818
  },
  "CAD_INR": {
    "val": 53.993598
  }
}