{
  "CAD_USD": {
    "val": 0.745812
  },
  "CAD_INR": {
    "val": 52.056559
  }
}