{
  "CAD_USD": {
    "val": 0.745551
  },
  "CAD_INR": {
    "val": 52.045776
  }
}