{
  "CAD_USD": {
    "val": 0.755769
  },
  "CAD_INR": {
    "val": 53.73331
  }
}