{
  "GBP_CAD": {
    "val": 1.685132
  },
  "GBP_INR": {
    "val": 88.279136
  }
}