{
  "CAD_USD": {
    "val": 0.761626
  },
  "CAD_INR": {
    "val": 54.047677
  }
}