{
  "CAD_USD": {
    "val": 0.756341
  },
  "CAD_INR": {
    "val": 52.494225
  }
}