{
  "CAD_USD": {
    "val": 0.758073
  },
  "CAD_INR": {
    "val": 52.787926
  }
}