{
  "CAD_USD": {
    "val": 0.757837
  },
  "CAD_INR": {
    "val": 53.861368
  }
}