{
  "CAD_USD": {
    "val": 0.764239
  },
  "CAD_INR": {
    "val": 52.677884
  }
}