{
  "CAD_USD": {
    "val": 0.755375
  },
  "CAD_INR": {
    "val": 54.064495
  }
}