{
  "CAD_USD": {
    "val": 0.760948
  },
  "CAD_INR": {
    "val": 52.509069
  }
}