{
  "GBP_CAD": {
    "val": 1.692496
  },
  "GBP_INR": {
    "val": 88.375173
  }
}