{
  "GBP_CAD": {
    "val": 1.691805
  },
  "GBP_INR": {
    "val": 88.322921
  }
}