{
  "CAD_USD": {
    "val": 0.767018
  },
  "CAD_INR": {
    "val": 52.828755
  }
}