{
  "CAD_USD": {
    "val": 0.759601
  },
  "CAD_INR": {
    "val": 52.452359
  }
}