{
  "CAD_USD": {
    "val": 0.747524
  },
  "CAD_INR": {
    "val": 52.098892
  }
}