{
  "GBP_CAD": {
    "val": 1.691126
  },
  "GBP_INR": {
    "val": 88.154852
  }
}