{
  "CAD_USD": {
    "val": 0.761186
  },
  "CAD_INR": {
    "val": 52.399648
  }
}