{
  "CAD_USD": {
    "val": 0.76524
  },
  "CAD_INR": {
    "val": 54.337749
  }
}