{
  "GBP_CAD": {
    "val": 1.691468
  },
  "GBP_INR": {
    "val": 88.030002
  }
}