{
  "CAD_USD": {
    "val": 0.766204
  },
  "CAD_INR": {
    "val": 52.826183
  }
}