{
  "CAD_USD": {
    "val": 0.761339
  },
  "CAD_INR": {
    "val": 52.561642
  }
}