{
  "CAD_USD": {
    "val": 0.759587
  },
  "CAD_INR": {
    "val": 52.230765
  }
}