{
  "CAD_USD": {
    "val": 0.761777
  },
  "CAD_INR": {
    "val": 53.942194
  }
}