{
  "CAD_USD": {
    "val": 0.764906
  },
  "CAD_INR": {
    "val": 52.671803
  }
}