{
  "CAD_USD": {
    "val": 0.761844
  },
  "CAD_INR": {
    "val": 52.545876
  }
}